{
  "clickRect": {
    "x": 1358.9840087890625,
    "y": 572.1026611328125,
    "w": 53.0506591796875,
    "h": 14.5257568359375,
    "innerRect": {
      "x": 1348.9840087890625,
      "y": 512.1026611328125,
      "w": 53.0506591796875,
      "h": 14.5257568359375
    },
    "text": "更多"
  },
  "state": {
    "last": null,
    "moreRect": {
      "x": 1348.9840087890625,
      "y": 512.1026611328125,
      "w": 53.0506591796875,
      "h": 14.5257568359375
    },
    "menuRect": null,
    "menuText": "",
    "dx": null,
    "dy": null
  }
}