{
  "close": {
    "closed": true
  },
  "confirmClose": {
    "confirmed": true
  },
  "open": {
    "opened": true,
    "path": "top.1.0"
  },
  "verify": {
    "ready": true,
    "pageWidth": 346,
    "pageHeight": 1080,
    "rootWidth": 346,
    "rootHeight": 1080,
    "rows": [
      {
        "ri": 0,
        "height": 72,
        "cols": [
          {
            "ci": 0,
            "width": null,
            "objects": 0
          }
        ]
      },
      {
        "ri": 1,
        "height": null,
        "cols": [
          {
            "ci": 0,
            "width": null,
            "objects": 0
          }
        ]
      }
    ],
    "domRows": [
      {
        "ri": 0,
        "rect": {
          "x": 368.0860595703125,
          "y": 142.83148193359375,
          "w": 177.26885986328125,
          "h": 36.8883056640625
        },
        "cols": [
          {
            "ci": 0,
            "x": 368.598388671875,
            "y": 143.34381103515625,
            "w": 175.73187255859375,
            "h": 25.8170166015625
          }
        ]
      },
      {
        "ri": 1,
        "rect": {
          "x": 368.0860595703125,
          "y": 179.71978759765625,
          "w": 177.26885986328125,
          "h": 516.4365234375
        },
        "cols": [
          {
            "ci": 0,
            "x": 368.598388671875,
            "y": 180.2321319580078,
            "w": 175.73187255859375,
            "h": 1.0246734619140625
          }
        ]
      }
    ]
  }
}